id,symbol,image_location
1,a,0
2,a_lower_case,0
3,above,0
4,absent,0
5,acne_spots,0
6,acorn,0
7,across,0
8,activity_center,0
9,add,0
10,advent,0
11,advent_calendar,0
12,aerial_indoor,0
13,aerobics_dance,0
14,airplane,0
15,afraid_lady,0
16,afraid_man,0
17,after,0
18,afternoon,0
19,aftershave,0
20,aftershave_1,0
21,against,0
22,ahead,0
23,air_person_1a,0
24,air_person_1b,0
25,air_person_2a,0
26,air_person_2b,0
27,air_steward_1a,0
28,air_steward_1b,0
29,air_steward_2a,0
30,air_steward_2b,0
31,airways,0
32,algebra_class,0
33,algebra_formula,0
34,almond,0
35,ambulance,0
36,angel,0
37,angry_lady,0
38,angry_man,0
39,ankle,0
40,answer,0
41,ant,0
42,ant_eater,0
43,antelope,0
44,apple,0
45,apple_juice,0
46,apricot,0
47,apron,0
48,aquarium,0
49,arch_lever_file,0
50,archery,0
51,archery_target,0
52,arm,0
53,arm_chair,0
54,arms,0
55,armwrestle,0
56,army_tank,0
57,around,0
58,arrow_keys,0
59,art,0
60,art_class,0
61,art_room,0
62,artichoke,0
63,artist_palette,0
64,ash_wednesday,0
65,asparagus,0
66,assembly,0
67,at_key,0
68,atom,0
69,aubergine,0
70,aunt_maternal,0
71,aunt_paternal,0
72,auroscope,0
73,autumn,0
74,avocado,0
75,awake,0
76,away,0
77,b,0
78,b_lower_case,0
79,baby,0
80,baby_oil,0
81,baby_powder,0
82,back,0
83,back_1,0
84,back_ache,0
85,back_garden,0
86,backstop,0
87,backwards,0
88,bacon,0
89,bad,0
90,badger,0
91,badger_2,0
92,badminton,0
93,badminton_racket,0
94,bagel,0
95,bagel_2,0
96,bake,0
97,baked_beans,0
98,baked_beans_2,0
99,baker_1a,0
100,baker_1b,0
101,baker_2a,0
102,baker_2b,0
103,baking_powder,0
104,baking_tray,0
105,ball,0
106,ball_beach,0
107,ball_pool,0
108,balloon,0
109,banana,0
110,banana_bunch,0
111,bank,0
112,bank_card,0
113,banquet_buffet,0
114,bap,0
115,barbeque,0
116,barbeque,0
117,base_rock,0
118,baseball_base,0
119,baseball_bat,0
120,baseball_game,0
121,baseball_glove,0
122,baseball_player,0
123,basket,0
124,basket_2,0
125,basketball,0
126,basketball_ball,0
127,basketball_game,0
128,bat,0
129,bath,0
130,bath_animal,0
131,bath_mat,0
132,bathe,0
133,battery_1,0
134,battery_1a,0
135,battery_2,0
136,battery_2a,0
137,beach,0
138,beach_bag,0
139,beach_towel,0
140,beads,0
141,beak,0
142,beaker_1,0
143,beaker_2,0
144,beanbag,0
145,beans_on_toast,0
146,beansprouts,0
147,bear,0
148,bed_four_poster,0
149,bed_time,0
150,bee_bumble,0
151,bee_honey,0
152,beef,0
153,beehive,0
154,beer,0
155,bees_nest,0
156,beetle,0
157,beetroot,0
158,before,0
159,begin_start,0
160,behind,0
161,bell,0
162,below,0
163,belt,0
164,bench,0
165,bendy,0
166,bendy_1,0
167,berry,0
168,beside_next_to,0
169,between,0
170,bib,0
171,bicycle,0
172,big_mac_switch,0
173,big_wheel,0
174,bikini,0
175,bin_bag,0
176,bin_bags,0
177,bingo,0
178,bingo_marker,0
179,bird,0
180,bird_bath,0
181,bird_cage,0
182,bird_feeder,0
183,bird_seed,0
184,birthday_cake,0
185,birthday_card,0
186,biscuit_chocolate_chip,0
187,biscuits,0
188,black,0
189,blackberry,0
190,blackboard,0
191,blackcurrant_juice,0
192,blackcurrants,0
193,bladder,0
194,bladder_kidneys,0
195,blanket,0
196,blanket_chest,0
197,blender_drinks,0
198,bless,0
199,blind,0
200,blind_2,0
201,blinds,0
202,blood_pressure,0
203,blouse,0
204,blue,0
205,blue_dark,0
206,blue_light,0
207,blusher,0
208,boat,0
209,bobble_hat,0
210,boccia,0
211,boccia_chute,0
212,body_outline,0
213,bolt,0
214,bone,0
215,bone_2,0
216,bonfire,0
217,bonfire_night,0
218,book_end,0
219,book_ends,0
220,book_shelf,0
221,bookcase,0
222,bootees,0
223,boots,0
224,both,0
225,bottom,0
226,bottom_2,0
227,bottom_3,0
228,bow,0
229,bow_and_arrow,0
230,bow_tie,0
231,bowl,0
232,bowler_1,0
233,bowling,0
234,bowling_ball,0
235,bowling_gutter,0
236,bowling_pins,0
237,bowling_spare,0
238,bowling_strike,0
239,boxer_shorts,0
240,boxing_day,0
241,bra,0
242,bracelet_1,0
243,bracelet_2,0
244,brain,0
245,branch,0
246,brazil_nut,0
247,bread,0
248,bread_crumbs,0
249,bread_roll,0
250,bread_roll_2,0
251,bread_roll_3,0
252,bread_roll_filled,0
253,bread_roll_granary,0
254,bread_slice,0
255,bread_sliced,0
256,breafkfast_continental_1,0
257,breafkfast_continental_2,0
258,breafkfast_fried,0
259,crack,0
260,break_2,0
261,break_egg,0
262,break_time_1,0
263,break_time_2,0
264,breakfast_1,0
265,breakfast_2,0
266,breakfast_3,0
267,breakfast_4,0
268,breakfast_5,0
269,breakfast_6,0
270,breakfast_time,0
271,breakfast_time_1,0
272,bricks,0
273,bridle,0
274,briefcase_1,0
275,briefcase_2,0
276,bright,0
277,bright_room,0
278,broad_beans,0
279,broccoli,0
280,broken,0
281,broken_bone,0
282,brooch,0
283,broom,0
284,broomstick,0
285,brother,0
286,brown,0
287,brush_animal,0
288,brush_hair,0
289,brush_teeth,0
290,brussel_sprouts,0
291,bubble_bath,0
292,bubble_gum_blow,0
293,bubble_mixture,0
294,bubble_wand,0
295,bubble_wrap,0
296,bubbles,0
297,bubbles_blow,0
298,bucket,0
299,buckle,0
300,bud,0
301,budgie,0
302,buffalo,0
303,bulb_holder,0
304,bulb_holder_2,0
305,bumpy,0
306,hot_bun_cross,0
307,bun_currant,0
308,bunk_beds,0
309,burn,0
310,bus,0
311,bus_double_decker,0
312,bus_single_decker,0
313,bush,0
314,busy,0
315,butter,0
316,butterfly,0
317,butternut_squash,0
318,button,0
319,c,0
320,c_lower_case,0
321,cabbage,0
322,cable_tv,0
323,cactus,0
324,cafe,0
325,cafe_2,0
326,cage,0
327,cake,0
328,cake_bar,0
329,cake_case,0
330,cake_cup_cake,0
331,cake_mix,0
332,cake_slice,0
333,cake_slice_2,0
334,cake_sponge,0
335,cake_tin,0
336,calculator,0
337,calendar,0
338,calendar_month,0
339,calf,0
340,camel,0
341,camera,0
342,camera_compact,0
343,camera_slr,0
344,can_opener,0
345,can_opener_electric,0
346,candle_2,0
347,candy_cane,0
348,candy_floss,0
349,candy_hearts,0
350,canoe,0
351,cap,0
352,car,0
353,car_2,0
354,car_boot,0
355,car_bumper,0
356,car_mechanic_1a,0
357,car_mechanic_1b,0
358,car_mechanic_2a,0
359,car_mechanic_2b,0
360,car_toy,0
361,car_transporter,0
362,caravan,0
363,carbohydrates,0
364,card,0
365,cardboard,0
366,care_assistant_1a,0
367,care_assistant_1b,0
368,care_assistant_2a,0
369,care_assistant_2b,0
370,care_assistant_3a,0
371,care_assistant_3b,0
372,care_assistant_4a,0
373,care_assistant_4b,0
374,care_assistant_5a,0
375,care_assistant_5b,0
376,care_assistant_6a,0
377,care_assistant_6b,0
378,caretaker_1a,0
379,caretaker_1b,0
380,caretaker_2a,0
381,caretaker_2b,0
382,carol_singer,0
383,carpenter_1a,0
384,carpenter_1b,0
385,carpenter_2a,0
386,carpenter_2b,0
387,carrot,0
388,cart,0
389,carton_1,0
390,carton_2,0
391,cash_point,0
392,cashew,0
393,casserole,0
394,casserole_1,0
395,casserole_2,0
396,cassette_tape,0
397,castle,0
398,castor_sugar,0
399,cat,0
400,cat_bed,0
401,cat_biscuits,0
402,cat_food,0
403,caterpillar,0
404,catherine_wheel,0
405,cauliflower,0
406,cctv,0
407,cd_player_personal,0
408,ceiling,0
409,ceiling_light,0
410,celebrate_2,0
411,celebrate_3,0
412,celebrate_birthday,0
413,celebration,0
414,celeriac,0
415,celery,0
416,cement_mixer,0
417,centipede,0
418,cereal,0
419,cereal_bowl,0
420,cereal_box_bran,0
421,cereal_box_museli,0
422,cereal_bran,0
423,cereal_museli,0
424,certificate,0
425,chair,0
426,chair_computer,0
427,chair_dining,0
428,chair_wing_back,0
429,chaise_lounge,0
430,chalk,0
431,chameleon,0
432,champagne,0
433,chandelier,0
434,change_nappy,0
435,change_tv_channel,0
436,channel_bbc_1,0
437,chapatti,0
438,charge,0
439,charger_electric,0
440,cheek,0
441,cheese,0
442,cheese_brie,0
443,cheese_burger,0
444,cheese_grated,0
445,melted_cheese_on_toast,0
446,cheese_slices,0
447,cheese_stilton,0
448,cheetah,0
449,cheque_book,0
450,cherry,0
451,chest_female,0
452,chest_male,0
453,chest_of_drawers,0
454,chestnuts,0
455,chewing_gum,0
456,chewy_tube,0
457,chick,0
458,chicken,0
459,chicken_breast,0
460,chicken_deep_fried,0
461,chicken_house,0
462,chicken_leg,0
463,chicken_live,0
464,chicken_nuggets,0
465,chicken_pieces,0
466,chicken_run,0
467,childrens_tv,0
468,chilli_pepper,0
469,chimney,0
470,chimpanzee,0
471,chin,0
472,chinese_cabbage,0
473,chinese_food,0
474,chip_and_pin_device,0
475,chipmunk,0
476,chipmunk_2,0
477,chipmunk_3,0
478,chips,0
479,chips_packet,0
480,chisel,0
481,chocolate,0
482,chocolate_bar,0
483,chocolate_box,0
484,chocolate_chips,0
485,chocolate_egg,0
486,chocolate_log,0
487,chop,0
488,chopping_board,0
489,christian,0
490,christmas,0
491,christmas_bauble,0
492,christmas_bell,0
493,christmas_cake,0
494,christmas_day,0
495,christmas_decorations,0
496,christmas_eve,0
497,christmas_lights,0
498,christmas_pudding,0
499,christmas_sock,0
500,christmas_tree,0
501,christmas_wreath,0
502,church,0
503,cigarette,0
504,circle,0
505,circle_time,0
506,circuit,0
507,clamp,0
508,class_room,0
509,claw,0
510,clay,0
511,clean_dishes,0
512,clean_hands,0
513,clean_room,0
514,clean_shoes,0
515,clean_window,0
516,cleaner_1a,0
517,cleaner_1b,0
518,cleaner_2a,0
519,cleaner_2b,0
520,cleaner_spray,0
521,cleaning_box,0
522,climbing_rock,0
523,climbing_wall,0
524,clingfilm,0
525,clip_nails,0
526,clipboard,0
527,clock,0
528,clock_radio,0
529,close_to,0
530,closed,0
531,closed_shop,0
532,clothes_extra_large,0
533,clothes_female,0
534,clothes_generic,0
535,clothes_hanger,0
536,clothes_large,0
537,clothes_male,0
538,clothes_medium,0
539,clothes_neat,0
540,clothes_peg,0
541,clothes_small,0
542,cloudy,0
543,clover,0
544,coach,0
545,coat,0
546,coated_spoon,0
547,cockatiel,0
548,cockerel,0
549,coconut,0
550,coffee,0
551,coffee_instant,0
552,coffee_maker,0
553,coffee_table,0
554,colander,0
555,collar_1,0
556,collar_pet,0
557,colour,0
558,coloured_paper,0
559,colouring_book,0
560,comb,0
561,comb_animal,0
562,comedy_tv,0
563,comet,0
564,communication_aid,0
565,communication_aid_2,0
566,communication_aid_chat_2,0
567,communication_aid_gotalk_9p,0
568,communication_aid_listen_to_me,0
569,communication_aid_scan4,0
570,communication_aid_techspeak_32,0
571,communication_board,0
572,communication_book,0
573,communication_book_portable,0
574,communication_device,0
575,computer_1,0
576,computer_2,0
577,computer_art,0
578,computer_cable,0
579,computer_folder_open,0
580,computer_folder_open,0
581,computer_game,0
582,computer_game_2,0
583,computer_keyboard,0
584,computer_monitor,0
585,computer_mouse_1,0
586,computer_mouse_2,0
587,computer_programme,0
588,computer_speaker,0
589,concentrating_lady,0
590,concentrating_man,0
591,confused_lady,0
592,confused_man,0
593,conical_flask,0
594,connection,0
595,cook,0
596,cook_chef_1a,0
597,cook_chef_1b,0
598,cook_chef_2a,0
599,cook_chef_2b,0
600,cook_school_1a,0
601,cook_school_1b,0
602,cooker,0
603,cooking_oil,0
604,copy,0
605,corned_beef,0
606,corner_cabinet,0
607,corner_cabinet_2,0
608,cornet,0
609,cornflakes,0
610,correct,0
611,correct_thought,0
612,cot,0
613,cottage_cheese,0
614,cotton_bud,0
615,counters,0
616,country_afghanistan,0
617,country_alaska,0
618,country_albania,0
619,country_alderney,0
620,country_algeria,0
621,country_american_samoa,0
622,country_andorra,0
623,country_angola,0
624,country_anguilla,0
625,country_antartica,0
626,country_antigua_barbuda,0
627,country_argentina,0
628,country_armenia,0
629,country_aruba,0
630,country_austria,0
631,country_azerbaijan,0
632,country_bahrain,0
633,country_bangladesh,0
634,country_barbados,0
635,country_belarus,0
636,country_belgium,0
637,country_belize,0
638,country_benin,0
639,country_bermuda,0
640,country_bhutan,0
641,country_blank,0
642,country_bonaire,0
643,country_bosnia_herzegovina,0
644,country_botswana,0
645,country_bulgaria,0
646,country_burkina_faso,0
647,country_burundi,0
648,country_cambodia,0
649,country_cameroon,0
650,country_canada,0
651,country_canary_islands,0
652,country_cape_verde,0
653,country_cayman_islands,0
654,country_chad,0
655,country_chile,0
656,country_china,0
657,country_colombia,0
658,country_comoros,0
659,country_congo_brazzaville,0
660,country_congo_kinshasa,0
661,country_costa_rica,0
662,country_croatia,0
663,country_cuba,0
664,country_cyprus,0
665,country_denmark,0
666,country_djbouti,0
667,country_dominican_republic,0
668,country_ecuador,0
669,country_england,0
670,country_eritrea,0
671,country_estonia,0
672,country_ethiopia,0
673,country_falkland_islands,0
674,country_finland,0
675,country_france,0
676,country_gabon,0
677,country_georgia,0
678,country_germany,0
679,country_ghana,0
680,country_gibraltar,0
681,country_greece,0
682,country_greenland,0
683,country_grenada,0
684,country_guernsey,0
685,country_guinea,0
686,country_guinea_bissau,0
687,country_guyana,0
688,country_haiti,0
689,country_hawaii,0
690,country_honduras,0
691,country_hong_kong,0
692,country_hungary,0
693,country_iceland,0
694,country_india,0
695,country_indonesia,0
696,country_iran,0
697,country_iraq,0
698,country_ireland,0
699,country_isle_of_man,0
700,country_israel,0
701,country_italy,0
702,country_ivory_coast,0
703,country_jamaica,0
704,country_japan,0
705,country_jersey,0
706,country_jordan,0
707,country_kazakhstan,0
708,country_kenya,0
709,country_kosovo,0
710,country_kuwait,0
711,country_kyrgyzstan,0
712,country_laos,0
713,country_latvia,0
714,country_lebanon,0
715,country_lesotho,0
716,country_liberia,0
717,country_libya,0
718,country_liechtenstein,0
719,country_lithuania,0
720,country_luxembourg,0
721,country_macedonia,0
722,country_madagascar,0
723,country_malaysia,0
724,country_maldives,0
725,country_mali,0
726,country_marshall_islands,0
727,country_mauritania,0
728,country_mauritius,0
729,country_moldova,0
730,country_monaco,0
731,country_mongolia,0
732,country_morocco,0
733,country_namibia,0
734,country_nauru,0
735,country_nepal,0
736,country_new_caledonia,0
737,country_new_zealand,0
738,country_niger,0
739,country_nigeria,0
740,country_niue,0
741,country_north_korea,0
742,country_northern_cyprus,0
743,country_norway,0
744,country_oman,0
745,country_pakistan,0
746,country_palau,0
747,country_palestine,0
748,country_panama,0
749,country_papua_new_guinea,0
750,country_paraguay,0
751,country_pitcairn_islands,0
752,country_qatar,0
753,country_romania,0
754,country_russian_federation,0
755,country_rwanda,0
756,country_samoa,0
757,country_sao_tome_principe,0
758,country_saudi_arabia,0
759,country_scotland,0
760,country_senegal,0
761,country_seychelles,0
762,country_sierra_leone,0
763,country_singapore,0
764,country_slovenia,0
765,country_solomon_islands,0
766,country_somalia,0
767,country_somaliland,0
768,country_south_africa,0
769,country_south_korea,0
770,country_sri_lanka,0
771,country_st_kitts_and_nevis,0
772,country_st_vincent_grenadines,0
773,country_suriname,0
774,country_sweden,0
775,country_switzerland,0
776,country_syria,0
777,country_taiwan,0
778,country_tanzania,0
779,country_thailand,0
780,country_the_azores,0
781,country_the_bahamas,0
782,country_the_czech_republic,0
783,country_the_faroe_islands,0
784,country_the_gambia,0
785,country_the_netherlands,0
786,country_the_sudan,0
787,country_togo,0
788,country_trinidad_and_tobago,0
789,country_tunisia,0
790,country_turkey,0
791,country_ukraine,0
792,country_united_arab_emirates,0
793,country_united_kingdom,0
794,country_united_states,0
795,country_uzbekistan,0
796,country_vanuatu,0
797,country_venezuela,0
798,country_viet_nam,0
799,country_wakes_island,0
800,country_wales,0
801,country_western_sahara,0
802,country_yemen,0
803,country_zambia,0
804,courgette,0
805,cover_food,0
806,cow,0
807,cow_shed,0
808,crab,0
809,cracker,0
810,craft_table,0
811,cranberries,0
812,cranberry_juice,0
813,crane,0
814,crane_fly,0
815,crayon,0
816,cream,0
817,cream_2,0
818,cream_ointment,0
819,creme_fraiche,0
820,cricket,0
821,cricket_2,0
822,cricket_ball,0
823,cricket_bowler,0
824,crisp_bread,0
825,crisps,0
826,crisps_cheese_puffs,0
827,crocodile,0
828,crocodile_2,0
829,croissant,0
830,crooked,0
831,cross,0
832,cross_palm,0
833,crown,0
834,crown_of_thorns,0
835,crucifixion,0
836,cruiser,0
837,crunchy,0
838,crush,0
839,crush_garlic,0
840,crutches,0
841,crutches_1,0
842,cucumber,0
843,cup_non_spill,0
844,cupboard,0
845,curly,0
846,curly_hair,0
847,currants,0
848,curry,0
849,curtains,0
850,cushion_2,0
851,cut,0
852,cut_and_paste,0
853,cycle,0
854,cycle_helmet,0
855,cymbals_hand,0
856,d,0
857,d_lower_case,0
858,dad_parent,0
859,daffodil,0
860,dairy_products,0
861,daisy,0
862,danish_pastry,0
863,darts,0
864,date,0
865,dates,0
866,daughter,0
867,day,0
868,dead,0
869,dead_plant,0
870,decorate_cake,0
871,decorate_tree,0
872,deep,0
873,deep_fat_fryer,0
874,deer,0
875,delicious_drink,0
876,delicious_food,0
877,delivery_person_1a,0
878,delivery_person_1b,0
879,delivery_person_2a,0
880,delivery_person_2b,0
881,delivery_trolley,0
882,dental_floss,0
883,dentist_1a,0
884,dentist_1b,0
885,dentist_2a,0
886,dentist_2b,0
887,deodorant,0
888,deodorant_spray,0
889,desiring_lady,0
890,desiring_man,0
891,desk,0
892,dessert,0
893,dessert_menu,0
894,diamond,0
895,dice,0
896,dictionary,0
897,dining_table,0
898,dinner,0
899,dinner_2_people,0
900,dinner_3_people,0
901,dinner_cold,0
902,dinner_hot,0
903,dinner_lady_1a,0
904,dinner_lady_1b,0
905,dinner_time,0
906,dinner_time_1,0
907,dinosaur,0
908,dip_food,0
909,dirty,0
910,dirty_dishes,0
911,disabled_sign,0
912,disabled_toilet,0
913,disgusted_lady,0
914,disgusted_man,0
915,dish,0
916,dish_cloth,0
917,dish_partitioned,0
918,dishes,0
919,dishwasher,0
920,dishwasher_powder,0
921,dive_2,0
922,divide,0
923,doctor_1a,0
924,doctor_1b,0
925,doctor_2a,0
926,doctor_2b,0
927,dog,0
928,dog_basket,0
929,dog_bed,0
930,dog_biscuits,0
931,dog_chew,0
932,dog_coat,0
933,dog_food,0
934,dog_kennel,0
935,doidy_cup,0
936,doll,0
937,dolphin,0
938,donkey,0
939,door,0
940,door_2,0
941,double_bed,0
942,doughnut,0
943,dove,0
944,down,0
945,download,0
946,dragonfly,0
947,draining_board,0
948,drama,0
949,drama_class,0
950,drawer,0
951,drawing_pin,0
952,dress,0
953,dresser,0
954,dressing_gown,0
955,dressing_table,0
956,dribble_football,0
957,drill_bit,0
958,drill_electric,0
959,drink,0
960,drink,0
961,drink_cold,0
962,drink_cold_2,0
963,drink_consistency_firm_spoon,0
964,drink_consistency_honey_cup,0
965,drink_consistency_juice_straw,0
966,drink_hot,0
967,drink_hot_2,0
968,drink_large,0
969,drink_medium,0
970,drink_small,0
971,drinks,0
972,dropper_pipette,0
973,drum,0
974,drumsticks,0
975,dry,0
976,dry_face,0
977,dry_hair,0
978,dry_hair_2,0
979,dry_hands,0
980,dry_hands_2,0
981,duck,0
982,dumper_truck,0
983,dust,0
984,dvd_player,0
985,dvd_player_portable,0
986,dysphagia_cup,0
987,dysphagia_cup_2,0
988,dysphagia_cup_3,0
989,e,0
990,e_lower_case,0
991,ear,0
992,ear_muffs,0
993,earrings,0
994,earth,0
995,earth_crust,0
996,earth_inner_core,0
997,earth_mantle,0
998,earth_outer_core,0
999,earths_atmosphere,0
1000,earthworm,0
1001,earwig,0
1002,east,0
1003,easter_egg,0
1004,easter_egg_hunt,0
1005,egg,0
1006,egg_boiled,0
1007,egg_cup,0
1008,egg_fried,0
1009,egg_on_toast,0
1010,egg_white,0
1011,egg_yolk,0
1012,eggs,0
1013,eggs_scrambled,0
1014,eight,0
1015,eight_dots,0
1016,eighteen,0
1017,eighth,0
1018,eighty,0
1019,either,0
1020,elbow,0
1021,elearning,0
1022,elephant,0
1023,eleven,0
1024,elf,0
1025,emagazine,0
1026,email,0
1027,email_attachment,0
1028,email_send,0
1029,emery_board,0
1030,empty,0
1031,energy_monitor,0
1032,engine,0
1033,english,0
1034,english_class,0
1035,enough,0
1036,enter,0
1037,enter_door,0
1038,envelope,0
1039,escalator,0
1040,even,0
1041,every,0
1042,excited_lady,0
1043,excited_man,0
1044,exercise,0
1045,exit,0
1046,exit_door,0
1047,extension_lead,0
1048,extra,0
1049,extra_2,0
1050,extra_large,0
1051,eye,0
1052,eye_drops,0
1053,eye_shadow,0
1054,eyebrow,0
1055,eyebrow_bushy,0
1056,eyebrow_pencil,0
1057,eyelash,0
1058,eyelash_curler,0
1059,eyes,0
1060,eyes_blue,0
1061,eyes_brown,0
1062,eyes_closed,0
1063,eyes_green,0
1064,f,0
1065,f_lower_case,0
1066,fabric,0
1067,face_neutral_3,0
1068,fairy,0
1069,family,0
1070,family_2,0
1071,fancy,0
1072,fangs,0
1073,farmer_1a,0
1074,farmer_1b,0
1075,farmer_2a,0
1076,farmer_2b,0
1077,fast_2,0
1078,fat,0
1079,father_christmas,0
1080,father_christmas_sack,0
1081,fats,0
1082,fats_high,0
1083,fats_low,0
1084,favourite,0
1085,fax_machine,0
1086,feather,0
1087,features_facial,0
1088,feed_cat,0
1089,feed_dog,0
1090,feet,0
1091,felt_tips,0
1092,female_body,0
1093,female_side,0
1094,fennel,0
1095,ferret,0
1096,ferry,0
1097,fibre_optic_lamp,0
1098,field,0
1099,fifteen,0
1100,fifty,0
1101,fifty_percent,0
1102,fig,0
1103,file,0
1104,file_nails,0
1105,filing_cabinet,0
1106,filter_paper,0
1107,fin,0
1108,finger,0
1109,finger_painting,0
1110,finger_puppet,0
1111,fingernail,0
1112,fingernails,0
1113,fingers,0
1114,finish,0
1115,fir_tree,0
1116,fire,0
1117,fire_engine,0
1118,fire_helmet,0
1119,fire_hose,0
1120,fireplace,0
1121,fireworks,0
1122,fireworks_2,0
1123,first,0
1124,first_2,0
1125,first_aid_box,0
1126,first_base,0
1127,fish,0
1128,fish,0
1129,fish_and_chips,0
1130,fish_battered,0
1131,fish_burger,0
1132,fish_deep_fried,0
1133,fish_food,0
1134,fish_koi_carp,0
1135,fish_tank,0
1136,fish_tropical,0
1137,fist,0
1138,five,0
1139,five_dots,0
1140,flag_aboriginal_peoples,0
1141,flag_abu_dhabi_uae,0
1142,flag_afghanistan,0
1143,flag_african_union,0
1144,flag_ajman_dubia_uae,0
1145,flag_aland_islands_finland,0
1146,flag_alaska,0
1147,flag_albania,0
1148,flag_alderney,0
1149,flag_algeria,0
1150,flag_american_samoa,0
1151,flag_andorra,0
1152,flag_angola,0
1153,flag_anguilla,0
1154,flag_antartica,0
1155,flag_antigua_barbuda,0
1156,flag_argentina,0
1157,flag_armenia,0
1158,flag_aruba,0
1159,flag_asean,0
1160,flag_austria,0
1161,flag_azerbaijan,0
1162,flag_bahrain,0
1163,flag_bangladesh,0
1164,flag_barbados,0
1165,flag_belarus,0
1166,flag_belgium,0
1167,flag_belize,0
1168,flag_benin,0
1169,flag_bermuda,0
1170,flag_bhutan,0
1171,flag_blank,0
1172,flag_bolivia,0
1173,flag_bonaire_dutch_antillies,0
1174,flag_bosnia_herzegovina,0
1175,flag_botswana,0
1176,flag_brazil,0
1177,flag_brunei,0
1178,flag_bulgaria,0
1179,flag_burkina_faso,0
1180,flag_burundi,0
1181,flag_cambodia,0
1182,flag_cameroon,0
1183,flag_canada,0
1184,flag_canary_islands,0
1185,flag_cape_verde,0
1186,flag_caricom,0
1187,flag_cayman_islands,0
1188,flag_central_african_republic,0
1189,flag_chad,0
1190,flag_chile,0
1191,flag_china,0
1192,flag_colombia,0
1193,flag_comoros,0
1194,flag_congo_brazzaville,0
1195,flag_congo_kinshasa,0
1196,flag_cook_islands,0
1197,flag_costa_rica,0
1198,flag_croatia,0
1199,flag_cuba,0
1200,flag_cyprus,0
1201,flag_denmark,0
1202,flag_djibouti,0
1203,flag_dominica,0
1204,flag_dominican_republic,0
1205,flag_ecuador,0
1206,flag_egypt,0
1207,flag_el_salvador,0
1208,flag_england,0
1209,flag_equatorial_guinea,0
1210,flag_eritrea,0
1211,flag_estonia,0
1212,flag_ethiopia,0
1213,flag_european_union,0
1214,flag_falkland_islands,0
1215,flag_fiji,0
1216,flag_finland,0
1217,flag_france,0
1218,flag_fujairah_uae,0
1219,flag_gabon,0
1220,flag_georgia,0
1221,flag_germany,0
1222,flag_ghana,0
1223,flag_gibraltar,0
1224,flag_greece,0
1225,flag_greenland,0
1226,flag_grenada,0
1227,flag_guam,0
1228,flag_guernsey,0
1229,flag_guinea,0
1230,flag_guinea_bissau,0
1231,flag_guyana,0
1232,flag_haiti,0
1233,flag_hawaii,0
1234,flag_honduras,0
1235,flag_hong_kong_china,0
1236,flag_hungary,0
1237,flag_iceland,0
1238,flag_india,0
1239,flag_indonesia,0
1240,flag_iran,0
1241,flag_iraq,0
1242,flag_ireland,0
1243,flag_isle_of_man,0
1244,flag_israel,0
1245,flag_italy,0
1246,flag_ivory_coast,0
1247,flag_jamaica,0
1248,flag_japan,0
1249,flag_jersey,0
1250,flag_jordan,0
1251,flag_kazakhstan,0
1252,flag_kenya,0
1253,flag_kiribati,0
1254,flag_kosovo,0
1255,flag_kuwait,0
1256,flag_kyrgyzstan,0
1257,flag_laos,0
1258,flag_latvia,0
1259,flag_lebanon,0
1260,flag_lesotho,0
1261,flag_liberia,0
1262,flag_libya,0
1263,flag_liechtenstein,0
1264,flag_lithuania,0
1265,flag_luxembourg,0
1266,flag_macedonia,0
1267,flag_madagascar,0
1268,flag_malawi,0
1269,flag_malaysia,0
1270,flag_maldives,0
1271,flag_mali,0
1272,flag_malta,0
1273,flag_marshall_islands,0
1274,flag_mauritania,0
1275,flag_mauritius,0
1276,flag_mexico,0
1277,flag_micronesia,0
1278,flag_midway_islands,0
1279,flag_moldova,0
1280,flag_monaco,0
1281,flag_mongolia,0
1282,flag_montenegro,0
1283,flag_morocco,0
1284,flag_mozambique,0
1285,flag_myanmar,0
1286,flag_namibia,0
1287,flag_nato,0
1288,flag_nauru,0
1289,flag_nepal,0
1290,flag_new_caledonia,0
1291,flag_new_zealand,0
1292,flag_nicaragua,0
1293,flag_niger,0
1294,flag_nigeria,0
1295,flag_niue,0
1296,flag_north_korea,0
1297,flag_northern_cyprus,0
1298,flag_northern_marianas,0
1299,flag_norway,0
1300,flag_olympic_movement,0
1301,flag_oman,0
1302,flag_pakistan,0
1303,flag_palau,0
1304,flag_palestine,0
1305,flag_panama,0
1306,flag_papua_new_guinea,0
1307,flag_paraguay,0
1308,flag_peru,0
1309,flag_philippines,0
1310,flag_pitcairn_islands,0
1311,flag_poland,0
1312,flag_portugal,0
1313,flag_puerto_rico,0
1314,flag_qatar,0
1315,flag_rass_al_khaimah_sharjah,0
1316,flag_red_cross,0
1317,flag_romania,0
1318,flag_russian_federation,0
1319,flag_rwanda,0
1320,flag_s_georgia_sandwich_isles,0
1321,flag_sami,0
1322,flag_samoa,0
1323,flag_san_marino,0
1324,flag_sao_tome_principe,0
1325,flag_sark,0
1326,flag_saudi_arabia,0
1327,flag_scotland,0
1328,flag_seborga,0
1329,flag_senegal,0
1330,flag_serbia,0
1331,flag_seychelles,0
1332,flag_sierra_leone,0
1333,flag_singapore,0
1334,flag_slovakia,0
1335,flag_slovenia,0
1336,flag_solomon_islands,0
1337,flag_somalia,0
1338,flag_somaliland,0
1339,flag_south_africa,0
1340,flag_south_korea,0
1341,flag_spain,0
1342,flag_sri_lanka,0
1343,flag_st_kitts_and_nevis,0
1344,flag_st_helena,0
1345,flag_st_vincent_grenadines,0
1346,flag_suriname,0
1347,flag_swaziland,0
1348,flag_sweden,0
1349,flag_switzerland,0
1350,flag_syria,0
1351,flag_taiwan,0
1352,flag_tajikistan,0
1353,flag_tanzania,0
1354,flag_thailand,0
1355,flag_the_azores,0
1356,flag_the_bahamas,0
1357,flag_the_czech_republic,0
1358,flag_the_faroe_islands,0
1359,flag_the_gambia,0
1360,flag_the_netherlands,0
1361,flag_the_sudan,0
1362,flag_tibet,0
1363,flag_timor_leste,0
1364,flag_togo,0
1365,flag_tokelau,0
1366,flag_tonga,0
1367,flag_trinidad_and_tobago,0
1368,flag_tristan_de_cunha,0
1369,flag_tunisia,0
1370,flag_turkey,0
1371,flag_turkmenistan,0
1372,flag_turks_caicos_isles,0
1373,flag_tuvalu,0
1374,flag_uganda,0
1375,flag_ukraine,0
1376,flag_umm_al_qaiwan_uae,0
1377,flag_united_arab_emirates,0
1378,flag_united_kingdom,0
1379,flag_united_nations,0
1380,flag_united_states_of_america,0
1381,flag_uruguay,0
1382,flag_uzbekistan,0
1383,flag_vanuatu,0
1384,flag_vatican_city,0
1385,flag_venezuela,0
1386,flag_viet_nam,0
1387,flag_virgin_islands,0
1388,flag_wakes_island,0
1389,flag_wales,0
1390,flag_western_sahara,0
1391,flag_yemen,0
1392,flag_zambia,0
1393,flag_zimbabwe,0
1394,flame,0
1395,flamingo,0
1396,flannel,0
1397,flat,0
1398,flat_tyre,0
1399,flatscreen_tv,0
1400,flip,0
1401,flipper,0
1402,float_1,0
1403,floor,0
1404,florist_1a,0
1405,florist_1b,0
1406,florist_2a,0
1407,florist_2b,0
1408,flour_plain,0
1409,flour_self_raising,0
1410,flower,0
1411,flush_toilet,0
1412,flute,0
1413,fly,0
1414,fold_clothes,0
1415,food,0
1416,food_blender,0
1417,food_bowl_dog,0
1418,food_bowl_horse,0
1419,food_cold,0
1420,food_hot,0
1421,foot,0
1422,football,0
1423,football_kit_arsenal,0
1424,football_kit_aston_villa,0
1425,football_kit_barnsley,0
1426,football_kit_birmingham,0
1427,football_kit_blackburn_rovers,0
1428,football_kit_blackpool,0
1429,football_kit_blank,0
1430,football_kit_bolton_wanderers,0
1431,football_kit_bristol_city,0
1432,football_kit_burnley,0
1433,football_kit_cardiff,0
1434,football_kit_chelsea,0
1435,football_kit_coventry,0
1436,football_kit_crystal_palace,0
1437,football_kit_derby,0
1438,football_kit_doncaster,0
1439,football_kit_everton,0
1440,football_kit_fulham,0
1441,football_kit_hull_city,0
1442,football_kit_ipswich,0
1443,football_kit_leicester,0
1444,football_kit_liverpool,0
1445,football_kit_manchester_city,0
1446,football_kit_manchester_united,0
1447,football_kit_middlesbrough,0
1448,football_kit_newcastle_united,0
1449,football_kit_nottingham_forest,0
1450,football_kit_peterborough,0
1451,football_kit_plymouth_argyle,0
1452,football_kit_portsmouth,0
1453,football_kit_preston,0
1454,football_kit_qpr,0
1455,football_kit_reading,0
1456,football_kit_scunthorpe,0
1457,football_kit_sheffield_united,0
1458,football_kit_sheffield_weds,0
1459,football_kit_spurs,0
1460,football_kit_stoke_city,0
1461,football_kit_sunderland,0
1462,football_kit_swansea,0
1463,football_kit_watford,0
1464,football_kit_west_bromwich,0
1465,football_kit_west_ham_united,0
1466,football_kit_wigan_athletic,0
1467,football_kit_wolves,0
1468,forearm,0
1469,fork,0
1470,fork_adapted,0
1471,fork_lift_truck,0
1472,forty,0
1473,forward,0
1474,forwards,0
1475,four,0
1476,four_dots,0
1477,fourteen,0
1478,fox,0
1479,frankincense,0
1480,freckles,0
1481,freezer,0
1482,french_stick,0
1483,friction,0
1484,fridge,0
1485,frog,0
1486,fromage_frais,0
1487,front,0
1488,front_door,0
1489,frozen_chips,0
1490,frozen_fish_fingers,0
1491,frozen_food_box,0
1492,frozen_pizza,0
1493,fruit,0
1494,fruit_tree,0
1495,fry,0
1496,frying_pan,0
1497,full,0
1498,funnel,0
1499,funny_laugh,0
1500,furniture,0
1501,future,0
1502,fuzzy,0
1503,g,0
1504,g_lower_case,0
1505,garage,0
1506,garden_chair_folding,0
1507,garden_clippers,0
1508,gardener_1a,0
1509,gardener_1b,0
1510,gardener_2a,0
1511,gardener_2b,0
1512,garlic,0
1513,garlic_bread,0
1514,garlic_crusher,0
1515,geography,0
1516,geography_class,0
1517,get_dressed,0
1518,ghost,0
1519,giraffe,0
1520,glass,0
1521,drinking_glass,0
1522,glasses,0
1523,glitter,0
1524,globe,0
1525,gloves,0
1526,glue,0
1527,glue_stick,0
1528,gnat,0
1529,go_through_door,0
1530,goal,0
1531,gold_bar,0
1532,goldfish,0
1533,goldfish_bowl,0
1534,golf,0
1535,golf_club,0
1536,good,0
1537,good_person,0
1538,good_to_drink,0
1539,good_to_eat,0
1540,good_to_eat_2,0
1541,goose,0
1542,goose_roast,0
1543,gooseberry,0
1544,gorilla,0
1545,grains,0
1546,grandfather,0
1547,grandmother,0
1548,grandparents,0
1549,grape_juice,0
1550,grapefruit,0
1551,grapefruit_juice,0
1552,grapes,0
1553,graph_column,0
1554,grass,0
1555,grate,0
1556,grater,0
1557,gravity,0
1558,gravy_boat,0
1559,gravy_pour,0
1560,great,0
1561,green,0
1562,green_beans,0
1563,green_dark,0
1564,green_light,0
1565,greengrocer_1a,0
1566,greengrocer_1b,0
1567,greengrocer_2a,0
1568,greengrocer_2b,0
1569,grey_dark,0
1570,grey_light,0
1571,grill,0
1572,grill_pan,0
1573,ground,0
1574,group_work,0
1575,guinea_pig,0
1576,guitar,0
1577,gum,0
1578,guy,0
1579,guy_fawkes,0
1580,gym_1,0
1581,h,0
1582,h_lower_case,0
1583,hair_bunches,0
1584,hair_conditioner,0
1585,hair_curler,0
1586,hair_curlers_electric,0
1587,hair_curling_tongs,0
1588,hair_dye,0
1589,hair_dye_1,0
1590,hair_plaits,0
1591,hair_ponytail,0
1592,hairbrush,0
1593,haircut,0
1594,hairdryer,0
1595,hairspray,0
1596,half,0
1597,halloween,0
1598,ham,0
1599,ham_packet,0
1600,hamburger,0
1601,hamburger_carton,0
1602,hammer,0
1603,hamster,0
1604,hamster_food,0
1605,hamster_maze,0
1606,hand_bag,0
1607,hand_cream,0
1608,hand_mixer,0
1609,hand_punch,0
1610,handcuffs,0
1611,handle_bars,0
1612,handsome,0
1613,hangar,0
1614,hankerchief,0
1615,happy_lady,0
1616,happy_man,0
1617,hard,0
1618,hard_hat,0
1619,hare,0
1620,harvest,0
1621,harvest_festival,0
1622,hat_ladies,0
1623,hat_mans,0
1624,hat_christmas,0
1625,hat_too_big,0
1626,haunted_house,0
1627,hazelnut,0
1628,head,0
1629,head_teacher_1a,0
1630,head_teacher_1b,0
1631,head_teacher_2a,0
1632,head_teacher_2b,0
1633,headache,0
1634,headband,0
1635,headboard,0
1636,headlamp,0
1637,headmouse,0
1638,headphones,0
1639,headpointer_2,0
1640,healthy,0
1641,hear,0
1642,hearing_aid_1,0
1643,hearing_aid_2,0
1644,heart,0
1645,heart_shape,0
1646,heat,0
1647,heavy,0
1648,hedge,0
1649,hedge_cutters,0
1650,hedgehog,0
1651,heel,0
1652,heel_of_shoe,0
1653,helicopter,0
1654,hello,0
1655,helmet,0
1656,helmet_pilot,0
1657,heptagon,0
1658,heron,0
1659,hexagon,0
1660,high,0
1661,high_chair,0
1662,highest,0
1663,hip,0
1664,hippopotamus,0
1665,hips,0
1666,history,0
1667,history_class,0
1668,hoe,0
1669,hoist,0
1670,holdall,0
1671,hole_punch,0
1672,hole_punch_2,0
1673,hollow,0
1674,holly,0
1675,homepage,0
1676,honey,0
1677,hood_hoodie,0
1678,hooded_top,0
1679,hoof,0
1680,hoover,0
1681,horns,0
1682,horse,0
1683,hose,0
1684,hot,0
1685,hot_air_balloon,0
1686,hot_brush,0
1687,hot_chocolate,0
1688,hot_dog,0
1689,hot_person,0
1690,house,0
1691,houses_of_parliament,0
1692,how,0
1693,how_many,0
1694,hundred,0
1695,hungry,0
1696,husband,0
1697,i,0
1698,i_lower_case,0
1699,ice_cream,0
1700,ice_cream_2,0
1701,ice_cream_tub,0
1702,ice_lolly,0
1703,in,0
1704,in_front,0
1705,inbox,0
1706,index_cards,0
1707,ingredients,0
1708,inhaler,0
1709,inside_out,0
1710,inside_room,0
1711,install_software,0
1712,intellikeys,0
1713,internet,0
1714,intestine,0
1715,iphone,0
1716,ipod,0
1717,iron,0
1718,iron,0
1719,ironing_board,0
1720,is_this_enough,0
1721,it_assistant_1a,0
1722,it_assistant_1b,0
1723,it_assistant_2a,0
1724,it_assistant_2b,0
1725,it_class,0
1726,it_room,0
1727,itch,0
1728,ivy,0
1729,ivy_2,0
1730,j,0
1731,j_lower_case,0
1732,jack_in_box,0
1733,jacket,0
1734,jacket_mans,0
1735,jacket_2,0
1736,jacket_potato_1,0
1737,jam,0
1738,jam_tart,0
1739,jar,0
1740,jealous_lady,0
1741,jealous_man,0
1742,jeans,0
1743,jeep,0
1744,jelly,0
1745,jelly_beans,0
1746,jellyfish,0
1747,jesus,0
1748,jet_plane,0
1749,jewellery,0
1750,jigsaw_puzzle,0
1751,jigsaw_puzzle_piece,0
1752,joseph,0
1753,joystick_pennygiles,0
1754,judas,0
1755,judo,0
1756,judo_belt,0
1757,jumper,0
1758,jungle_gym,0
1759,jupiter,0
1760,k,0
1761,k_lower_case,0
1762,kangaroo,0
1763,kebab,0
1764,kennel,0
1765,kettle,0
1766,key_1,0
1767,key_2,0
1768,keyboard_electric,0
1769,kick_ball_1,0
1770,kick_ball_2,0
1771,kidneys,0
1772,killer_whale,0
1773,kite,0
1774,kiwi,0
1775,knee,0
1776,knickers,0
1777,knife,0
1778,knife_adapted,0
1779,knife_adapted_2,0
1780,koala,0
1781,koosh_ball,0
1782,l,0
1783,l_lower_case,0
1784,labels,0
1785,ladies_toilet,0
1786,ladle,0
1787,lady_face,0
1788,lager,0
1789,lamb,0
1790,lamb_2,0
1791,lamp,0
1792,lampshade,0
1793,lampshade_2,0
1794,lantern,0
1795,lantern_2,0
1796,laptop,0
1797,large,0
1798,lasagne,0
1799,last,0
1800,last_2,0
1801,last_month,0
1802,last_supper,0
1803,laughing_lady,0
1804,laughing_man,0
1805,laundry_basket,0
1806,lava_lamp,0
1807,lawnmower,0
1808,lead,0
1809,leaf,0
1810,leaves,0
1811,leek,0
1812,left,0
1813,left_click,0
1814,left_hand,0
1815,leg,0
1816,leg_warmers,0
1817,lego,0
1818,legs,0
1819,lemon,0
1820,lemon_squash,0
1821,lemonade,0
1822,lemonade_2,0
1823,lens,0
1824,lent,0
1825,lentils,0
1826,leopard,0
1827,letter,0
1828,lettuce,0
1829,lid,0
1830,lid_2,0
1831,lift,0
1832,light,0
1833,lightbulb,0
1834,lily,0
1835,lime,0
1836,line_diagonal,0
1837,line_horizontal,0
1838,line_parallel,0
1839,line_vertical,0
1840,lion,0
1841,lip_balm,0
1842,lip_bottom,0
1843,lip_top,0
1844,lips_1,0
1845,lipstick,0
1846,liquid_soap,0
1847,little,0
1848,little_mac_switch,0
1849,lizard,0
1850,locker,0
1851,log,0
1852,lollipop,0
1853,long_1,0
1854,long_hair,0
1855,long_johns,0
1856,look_in_mirror,0
1857,lorry,0
1858,lorry_2,0
1859,lost,0
1860,lotion,0
1861,lots_more,0
1862,loud,0
1863,low_fat_2,0
1864,lowest,0
1865,lucky,0
1866,lump,0
1867,lunch_1,0
1868,lunch_2,0
1869,lunch_box,0
1870,lunch_box_1,0
1871,lunch_time,0
1872,lungs,0
1873,m,0
1874,m_lower_case,0
1875,macadamias,0
1876,macaroni,0
1877,macaroni_cheese,0
1878,magnet,0
1879,magnetic,0
1880,main_course,0
1881,mains_socket,0
1882,make_the_bed,0
1883,make_up,0
1884,male_body,0
1885,man_face,0
1886,mange_tout,0
1887,manger,0
1888,mango,0
1889,marbles,0
1890,margarine,0
1891,marmite,0
1892,married,0
1893,marrow,0
1894,mars,0
1895,marshmallows,0
1896,mary,0
1897,mascara,0
1898,mash,0
1899,mash_potato,0
1900,mash_potato_1,0
1901,mash_potato_2,0
1902,masher,0
1903,mask_dustmask,0
1904,masking_tape,0
1905,maths,0
1906,maths_class,0
1907,mauve,0
1908,mauve_dark,0
1909,mauve_light,0
1910,mayonnaise,0
1911,measuring_cups,0
1912,measuring_jug,0
1913,measuring_spoons,0
1914,meat,0
1915,meatballs_and_spaghetti,0
1916,medal,0
1917,medicine,0
1918,medicine_cabinet,0
1919,melon,0
1920,melt,0
1921,memory_card,0
1922,memory_card_2,0
1923,mend,0
1924,mens_toilet,0
1925,menu,0
1926,mercury,0
1927,meringues,0
1928,merry_go_round,0
1929,messy_clothes,0
1930,messy_room,0
1931,microphone,0
1932,microscope,0
1933,microwave,0
1934,middle,0
1935,milk,0
1936,milk_2_litre,0
1937,milk_bottle,0
1938,milk_carton,0
1939,milk_person_1a,0
1940,milk_person_1b,0
1941,milk_person_2a,0
1942,milk_person_2b,0
1943,milkshake,0
1944,milkshake_banana,0
1945,milkshake_chocolate,0
1946,milkshake_strawberry,0
1947,milky_way,0
1948,mince_pie,0
1949,minced_meat,0
1950,mini_bus,0
1951,mints,0
1952,minute,0
1953,mirror,0
1954,mirror_1,0
1955,mirror_2,0
1956,mirror_ball,0
1957,mistake_no_wrong,0
1958,mistletoe,0
1959,mittens,0
1960,mixer,0
1961,mobile_phone,0
1962,mobile_phone_camera,0
1963,mobile_phone_case,0
1964,mobile_phone_cover,0
1965,mobile_phone_no,0
1966,mobile_phone_number,0
1967,mobile_phone_ring_tone,0
1968,mobile_phone_silent,0
1969,mobile_phone_text_message,0
1970,mobile_phone_video,0
1971,mole,0
1972,money,0
1973,monster,0
1974,moon,0
1975,mop,0
1976,moped,0
1977,more,0
1978,morning,0
1979,most,0
1980,moth,0
1981,motor_home,0
1982,motorcycle,0
1983,mountains,0
1984,mouse,0
1985,mouse_mat,0
1986,mouth,0
1987,mouthwash,0
1988,mouthwash_1,0
1989,muesli,0
1990,mug_2,0
1991,multi_media,0
1992,multiply,0
1993,mum_parent,0
1994,muscles,0
1995,mushroom,0
1996,music,0
1997,music_class,0
1998,music_room,0
1999,musical_instruments,0
2000,musician_1a,0
2001,musician_1b,0
2002,musician_2a,0
2003,musician_2b,0
2004,mussel,0
2005,my_computer_icon,0
2006,n,0
2007,n_lower_case,0
2008,nail,0
2009,nail_care,0
2010,nail_clippers,0
2011,nail_file,0
2012,nail_polish,0
2013,nail_polish_remover,0
2014,nappy,0
2015,nativity,0
2016,near,0
2017,neck,0
2018,necklace,0
2019,necklace_2,0
2020,need_toilet,0
2021,neither,0
2022,neptune,0
2023,nest,0
2024,nest_of_tables,0
2025,networked_computers,0
2026,new_document,0
2027,newspaper,0
2028,newspaper_person_1a,0
2029,newspaper_person_1b,0
2030,newspaper_person_2a,0
2031,newspaper_person_2b,0
2032,next,0
2033,next_month,0
2034,next_week,0
2035,night,0
2036,nightgown,0
2037,nine,0
2038,nine_dots,0
2039,nineteen,0
2040,ninety,0
2041,no_class,0
2042,no_smoking_sign,0
2043,noisy,0
2044,non_speaking,0
2045,nonpermeable,0
2046,noodles,0
2047,north,0
2048,north_east,0
2049,north_west,0
2050,nosey_cup,0
2051,nostril,0
2052,notebook,0
2053,notepad,0
2054,now,0
2055,nurse_1a,0
2056,nurse_1b,0
2057,nurse_2a,0
2058,nurse_2b,0
2059,nuts,0
2060,o,0
2061,o_lower_case,0
2062,oak_leaf,0
2063,occupational_therapist_1a,0
2064,occupational_therapist_1b,0
2065,occupational_therapist_2a,0
2066,occupational_therapist_2b,0
2067,octagon,0
2068,off,0
2069,office_block,0
2070,old_object,0
2071,old_person_1,0
2072,old_person_2,0
2073,old_person_3,0
2074,olive_oil,0
2075,olives,0
2076,olympic_games,0
2077,olympic_rings,0
2078,olympic_torch,0
2079,olympic_torch_2,0
2080,omelette,0
2081,on,0
2082,one,0
2083,one_dot,0
2084,one_hour,0
2085,one_third,0
2086,onion,0
2087,onion_rings,0
2088,opaque,0
2089,open,0
2090,open_2,0
2091,open_shop,0
2092,open_tin,0
2093,operating_theatre,0
2094,operation,0
2095,opposite,0
2096,orange,0
2097,orange_2,0
2098,orange_fizzy_drink,0
2099,orange_juice,0
2100,orange_squash,0
2101,ostrich,0
2102,out,0
2103,outbox,0
2104,outside,0
2105,oval,0
2106,over,0
2107,owl,0
2108,oxygen_mask,0
2109,oyster,0
2110,oyster_2,0
2111,ozone_layer,0
2112,p,0
2113,p_lower_case,0
2114,packed_lunch,0
2115,packed_lunch_2,0
2116,paddles,0
2117,paint,0
2118,paint_box,0
2119,paint_brush,0
2120,paint_brush_2,0
2121,paint_childs,0
2122,palm,0
2123,palm_sunday,0
2124,palm_tree,0
2125,pancake_2,0
2126,pancakes,0
2127,panda,0
2128,pants,0
2129,paper,0
2130,paper_towel,0
2131,paper_towels,0
2132,paperclip,0
2133,para_olympic_games,0
2134,parachute,0
2135,parade_1,0
2136,parade_2,0
2137,parallelogram,0
2138,paramedic_1a,0
2139,paramedic_1b,0
2140,paramedic_2a,0
2141,paramedic_2b,0
2142,parents,0
2143,parrot,0
2144,parsnip,0
2145,part,0
2146,partner,0
2147,party_celebration,0
2148,party_popper,0
2149,passion_flower,0
2150,passion_fruit,0
2151,passport,0
2152,past,0
2153,pasta,0
2154,pasta_sauce,0
2155,paste,0
2156,pastie,0
2157,pastry,0
2158,patch_on_clothes,0
2159,pate,0
2160,paw,0
2161,paw_1,0
2162,pe,0
2163,pe_class,0
2164,pea,0
2165,peach,0
2166,peacock,0
2167,peanut,0
2168,peanut_2,0
2169,peanut_butter,0
2170,pear,0
2171,peas,0
2172,pecan,0
2173,peel,0
2174,peeler,0
2175,pelican,0
2176,pen,0
2177,pen_and_paper,0
2178,pen_and_paper_2,0
2179,pencil,0
2180,pencil_and_paper,0
2181,pencil_and_paper_2,0
2182,pencil_box,0
2183,pencil_case,0
2184,pencil_sharpener,0
2185,pencil_sharpener_2,0
2186,penguin,0
2187,penis,0
2188,pentagon,0
2189,pepper,0
2190,pepper_mill,0
2191,percent,0
2192,perfume,0
2193,perm,0
2194,permeable,0
2195,personal_passport,0
2196,pestle_and_mortar,0
2197,pet_blanket,0
2198,pet_brush,0
2199,pet_carrier,0
2200,pet_carrying_basket,0
2201,pet_comb,0
2202,petal,0
2203,petrol_tanker,0
2204,petticoat,0
2205,phone_picture_video,0
2206,photocopier,0
2207,photographs,0
2208,physio_therapist_1a,0
2209,physio_therapist_1b,0
2210,physio_therapist_2a,0
2211,physio_therapist_2b,0
2212,piano,0
2213,pick_and_mix,0
2214,picnic,0
2215,picture,0
2216,picture_frame,0
2217,pie,0
2218,pie_apple,0
2219,pie_chart,0
2220,pie_cherry,0
2221,pie_meat,0
2222,piglet,0
2223,pilot_1a,0
2224,pilot_1b,0
2225,pilot_2a,0
2226,pilot_2b,0
2227,pine_cone,0
2228,pine_nut,0
2229,pineapple,0
2230,pineapple_juice,0
2231,pink,0
2232,pink_bright,0
2233,pink_pale,0
2234,pint,0
2235,pint_half,0
2236,pistachios,0
2237,pizza,0
2238,pizza_2,0
2239,pizza_cutter,0
2240,place_mat,0
2241,place_setting,0
2242,plane,0
2243,plane_landing,0
2244,plane_take_off,0
2245,planets,0
2246,plant,0
2247,plaster,0
2248,plastic,0
2249,plastic_bag,0
2250,plastic_pocket,0
2251,plate,0
2252,plate_guard,0
2253,plate_lipped,0
2254,play_area,0
2255,playdough,0
2256,playing_card_picture,0
2257,playing_cards,0
2258,playing_cards_clubs,0
2259,playing_cards_diamonds,0
2260,playing_cards_hearts,0
2261,playing_cards_patience,0
2262,playing_cards_spades,0
2263,playstation,0
2264,pliers,0
2265,plug_2,0
2266,plum,0
2267,plum_tomato,0
2268,pluto,0
2269,pocket,0
2270,point,0
2271,pointed,0
2272,polar_bear,0
2273,police_1a,0
2274,police_1b,0
2275,police_car,0
2276,police_helmet,0
2277,police_radio,0
2278,polish_nails,0
2279,pond,0
2280,pool_hoist,0
2281,pool_snooker,0
2282,pop_champagne_cork,0
2283,pop_socks,0
2284,poppadoms,0
2285,porcupine,0
2286,pork_chop,0
2287,porridge,0
2288,porter_hospital_1a,0
2289,porter_hospital_1b,0
2290,porter_hospital_2a,0
2291,porter_hospital_2b,0
2292,post_person_1a,0
2293,post_person_1b,0
2294,post_person_2a,0
2295,post_person_2b,0
2296,post_van,0
2297,postit,0
2298,pot,0
2299,pot_noodle,0
2300,potato,0
2301,potted_plant,0
2302,pottery,0
2303,potty_chair,0
2304,poultry,0
2305,pour_cake_mixture,0
2306,pour_custard,0
2307,powder_puff,0
2308,power_switch,0
2309,prawn,0
2310,pray,0
2311,prayer,0
2312,present,0
2313,pretty,0
2314,pretzel,0
2315,prickles,0
2316,print,0
2317,print_preview,0
2318,printer,0
2319,prism_hexagonal,0
2320,prism_triangular,0
2321,protein,0
2322,puffin,0
2323,pull_along_toy,0
2324,pumice_stone,0
2325,pumpkin,0
2326,pumpkin_lantern,0
2327,pumpkin_pie,0
2328,pupil,0
2329,puppet,0
2330,pureed_food,0
2331,pureed_food_2,0
2332,puritans,0
2333,purple,0
2334,purse,0
2335,put_in_bin,0
2336,put_on_cap,0
2337,put_on_coat,0
2338,put_out_rubbish,0
2339,pyjamas,0
2340,pyramid_square_base,0
2341,pyramid_triangular_base,0
2342,q,0
2343,q_lower_case,0
2344,quadrilateral,0
2345,quail,0
2346,quarter,0
2347,quiche_flan,0
2348,quiet,0
2349,r,0
2350,r_lower_case,0
2351,rabbit,0
2352,rabbit_hutch,0
2353,race_athletics,0
2354,radish,0
2355,rain,0
2356,rainbow,0
2357,raincoat,0
2358,raisin,0
2359,raisin_currants,0
2360,rake,0
2361,ram,0
2362,ramp,0
2363,rash,0
2364,rat,0
2365,rattle_snake,0
2366,ravioli,0
2367,razor,0
2368,razor_electric,0
2369,ready,0
2370,ready_2,0
2371,ready_meal,0
2372,ready_meal_lamb,0
2373,receive_email,0
2374,recipe,0
2375,rectangle,0
2376,recycle_bin,0
2377,recycle_logo,0
2378,recycling_bins,0
2379,red,0
2380,refridgerate,0
2381,refuse_collector_1a,0
2382,refuse_collector_1b,0
2383,refuse_collector_2a,0
2384,refuse_collector_2b,0
2385,refuse_lorry,0
2386,reindeer,0
2387,relax_3,0
2388,remote_control,0
2389,retire,0
2390,retired,0
2391,rhinoceros,0
2392,rhombus,0
2393,rhubarb,0
2394,ribbon,0
2395,rice,0
2396,rice_cake,0
2397,rice_packet,0
2398,ride_horse,0
2399,riding_hat,0
2400,rifle,0
2401,right,0
2402,right_click,0
2403,right_hand,0
2404,ring,0
2405,ring_binder,0
2406,risen,0
2407,road,0
2408,roast_dinner,0
2409,robin,0
2410,rocket,0
2411,rocket_2,0
2412,rocking_chair,0
2413,roll_on_deodorant,0
2414,roll_pastry,0
2415,roller_blind,0
2416,roller_coaster,0
2417,rolling_pin,0
2418,roman_blind,0
2419,room,0
2420,roots,0
2421,rose,0
2422,rosette,0
2423,rotary_washing_line,0
2424,rowing_boat,0
2425,rudolph,0
2426,rug,0
2427,rugby_ball,0
2428,run,0
2429,s,0
2430,s_lower_case,0
2431,sack,0
2432,sad_lady,0
2433,sad_man,0
2434,saddle,0
2435,saddle_2,0
2436,safety_goggles,0
2437,safety_pin,0
2438,sailor_1a,0
2439,sailor_1b,0
2440,salad,0
2441,salad_packet,0
2442,salad_plate,0
2443,salami_sausage,0
2444,salt,0
2445,salt,0
2446,salty,0
2447,same,0
2448,sand_pit,0
2449,sandals,0
2450,sandpaper,0
2451,sandwich,0
2452,sandwich_cheese,0
2453,sandwich_chicken,0
2454,sandwich_ham,0
2455,sandwich_sausage,0
2456,sandwich_toasted,0
2457,sanitary_towel,0
2458,satellite,0
2459,satsuma,0
2460,saturn,0
2461,sauce_apple,0
2462,sauce_brown,0
2463,sauce_cranberry,0
2464,sauce_tomato,0
2465,saucepan,0
2466,saucer,0
2467,sausage_and_mash,0
2468,sausage_cumberland,0
2469,sausage_roll,0
2470,sausage_roll_small,0
2471,sausages,0
2472,sausages_2,0
2473,save,0
2474,saw,0
2475,scales,0
2476,scales_2,0
2477,scales_fish,0
2478,scanning,0
2479,scar,0
2480,scarecrow,0
2481,scarf,0
2482,scary,0
2483,school,0
2484,school_1,0
2485,school_bag,0
2486,science,0
2487,science_class,0
2488,science_room,0
2489,scissors,0
2490,scoop,0
2491,scoop,0
2492,score_goal,0
2493,screw,0
2494,screwdriver,0
2495,scrubbing_brush,0
2496,seagull,0
2497,seahorse,0
2498,seal,0
2499,seat_belt,0
2500,second,0
2501,second_3,0
2502,secretary_1a,0
2503,secretary_1b,0
2504,secretary_2a,0
2505,secretary_2b,0
2506,see_saw,0
2507,seedling,0
2508,seeds,0
2509,seizure,0
2510,senses,0
2511,sensory_room,0
2512,sensory_tube,0
2513,serene_lady,0
2514,serene_man,0
2515,serve,0
2516,serviette,0
2517,set_the_table,0
2518,set_timer,0
2519,settee_1,0
2520,settee_2,0
2521,seven,0
2522,seven_dots,0
2523,seventeen,0
2524,seventy,0
2525,seventy_five_percent,0
2526,shallow,0
2527,shampoo,0
2528,shampoo_animal,0
2529,shampoo_hair,0
2530,shape_puzzle,0
2531,shapes,0
2532,shapesorter,0
2533,sharp,0
2534,shave,0
2535,shave_underarm,0
2536,shave_with_razor,0
2537,shaving_cream,0
2538,sheep,0
2539,shells,0
2540,shepherd_1a,0
2541,shepherd_1b,0
2542,shin,0
2543,shiny,0
2544,shirt,0
2545,shoe_ladies,0
2546,shoe_mans,0
2547,shooting_star,0
2548,shop,0
2549,shop_2,0
2550,short_1,0
2551,short_2,0
2552,short_hair,0
2553,shorts,0
2554,shoulder,0
2555,shower,0
2556,shower_1,0
2557,shower_2,0
2558,shower_cap,0
2559,shower_gel,0
2560,shrew,0
2561,shrimp,0
2562,shrove_tuesday_1,0
2563,shuttlecock,0
2564,side,0
2565,sieve,0
2566,sieve,0
2567,signpost,0
2568,signpost_1,0
2569,silence,0
2570,simnel_cake,0
2571,singer_1a,0
2572,singer_1b,0
2573,singer_2a,0
2574,singer_2b,0
2575,single_bed,0
2576,sink,0
2577,sink_2,0
2578,sister,0
2579,sit_at_computer,0
2580,sit_at_computer_2,0
2581,six,0
2582,six_dots,0
2583,sixteen,0
2584,sixty,0
2585,skate_park,0
2586,skateboard,0
2587,skeleton,0
2588,ski,0
2589,skin,0
2590,skirt,0
2591,skis,0
2592,skull,0
2593,skunk,0
2594,sledge,0
2595,sleep_suit_baby,0
2596,sleigh,0
2597,slice,0
2598,slide,0
2599,sling,0
2600,slippers,0
2601,slippery,0
2602,slug,0
2603,smoke,0
2604,smooth,0
2605,snail,0
2606,snake,0
2607,sneering_lady,0
2608,sneering_man,0
2609,sneeze_cold,0
2610,snow,0
2611,soap,0
2612,socks,0
2613,soft,0
2614,soldier_1a,0
2615,soldier_1b,0
2616,soldier_2a,0
2617,soldier_2b,0
2618,sole,0
2619,some,0
2620,son,0
2621,soup,0
2622,soup_carrot,0
2623,soup_chicken,0
2624,soup_mushroom,0
2625,soup_onion,0
2626,soup_pea,0
2627,soup_tomato,0
2628,soup_vegetable,0
2629,sour,0
2630,sour_cream,0
2631,south,0
2632,south_east,0
2633,south_west,0
2634,space_bar,0
2635,spaceship,0
2636,spade,0
2637,spaghetti,0
2638,spaghetti_bolognaise,0
2639,sparkler,0
2640,spatula,0
2641,spatula_2,0
2642,speech_language_therapist_1a,0
2643,speech_language_therapist_1b,0
2644,speech_language_therapist_2a,0
2645,speech_language_therapist_2b,0
2646,spicy,0
2647,spider,0
2648,spiders_web,0
2649,spinach,0
2650,spine,0
2651,sponge,0
2652,spoon,0
2653,spoon_adapted,0
2654,spot_light,0
2655,spotty,0
2656,spotty_2,0
2657,spread,0
2658,spring,0
2659,spring_onions,0
2660,sprinkle,0
2661,square,0
2662,square_setsquare,0
2663,squash,0
2664,squash,0
2665,squeak,0
2666,squirrel_1a,0
2667,squirrel_1b,0
2668,stable,0
2669,stable_1,0
2670,stable_2,0
2671,stag,0
2672,stairs,0
2673,standard_lamp,0
2674,staple,0
2675,stapler,0
2676,star,0
2677,star_2,0
2678,star_stacker,0
2679,starfish,0
2680,steak,0
2681,steam_train,0
2682,steamer,0
2683,step_brother,0
2684,step_by_step,0
2685,step_dad_parent,0
2686,step_daughter_1,0
2687,step_daughter_2,0
2688,step_mum_parent,0
2689,step_sister,0
2690,step_son_1,0
2691,step_son_2,0
2692,stereo,0
2693,stethoscope,0
2694,stick,0
2695,stickers,0
2696,sticky,0
2697,sting_bee,0
2698,stir_fry,0
2699,stir_fry,0
2700,stir_mix,0
2701,stirrups,0
2702,stoat,0
2703,stock,0
2704,stock_cubes,0
2705,stomach,0
2706,stomach_1,0
2707,stomach_ache,0
2708,stone,0
2709,stool,0
2710,straight,0
2711,strain,0
2712,straw,0
2713,strawberry,0
2714,strawberry_jam,0
2715,string,0
2716,striped,0
2717,stroke,0
2718,strong,0
2719,stubble,0
2720,stuffing,0
2721,subsoil,0
2722,subtract,0
2723,sugar_bowl,0
2724,sugar_brown,0
2725,sugar_white,0
2726,suit_ladys,0
2727,suit_mans,0
2728,suitcase_1,0
2729,suitcase_2,0
2730,sum,0
2731,summer,0
2732,sun,0
2733,sun_lounger,0
2734,sunglasses,0
2735,sunscreen,0
2736,surgery_health_centre,0
2737,surprised_lady,0
2738,surprised_man,0
2739,swan,0
2740,sweatshirt,0
2741,swede,0
2742,sweet,0
2743,sweet_2,0
2744,sweet_potato,0
2745,sweetcorn,0
2746,swim,0
2747,swimming_cap,0
2748,swimming_class,0
2749,swimming_costume,0
2750,swimming_trunks,0
2751,swing,0
2752,swing,0
2753,swiss_roll,0
2754,switch_access,0
2755,switch_low_profile_1,0
2756,switch_low_profile_2,0
2757,switch_low_profile_3,0
2758,switch_mount,0
2759,switch_on_television,0
2760,syringe,0
2761,t,0
2762,t_lower_case,0
2763,table,0
2764,table_2,0
2765,table_cloth,0
2766,tablecloth,0
2767,tablet_blister_pack,0
2768,tablets,0
2769,take_a_work_break,0
2770,take_off_cap,0
2771,takeaway_burger,0
2772,takeaway_burger_and_chips,0
2773,takeaway_chinese,0
2774,takeaway_container,0
2775,takeaway_indian,0
2776,takeaway_pizza,0
2777,tall,0
2778,tampon,0
2779,tap,0
2780,tape_measure,0
2781,tape_recorder,0
2782,tart,0
2783,tartan,0
2784,taste,0
2785,tattoo,0
2786,taxi,0
2787,taxi_driver_1a,0
2788,taxi_driver_1b,0
2789,taxi_driver_1c,0
2790,taxi_driver_1d,0
2791,taxi_driver_2a,0
2792,taxi_driver_2b,0
2793,taxi_driver_2c,0
2794,taxi_driver_2d,0
2795,tea,0
2796,tea_bag,0
2797,tea_instant,0
2798,tea_spoon,0
2799,tea_time,0
2800,tea_towel,0
2801,teacher_1a,0
2802,teacher_1b,0
2803,teacher_2a,0
2804,teacher_2b,0
2805,teapot,0
2806,technology,0
2807,teddy_bear,0
2808,teeth,0
2809,teeth_2,0
2810,telephone_handset,0
2811,telephone_toy,0
2812,temple,0
2813,ten,0
2814,tennis,0
2815,terracotta,0
2816,test,0
2817,test_tube,0
2818,text_mobile_message,0
2819,text_phone,0
2820,theme_park,0
2821,thermometer,0
2822,thermometer_2,0
2823,thick,0
2824,thigh,0
2825,thin,0
2826,thin_2,0
2827,thirsty,0
2828,thirteen,0
2829,thirty,0
2830,this_month,0
2831,this_week,0
2832,thousand,0
2833,three,0
2834,three_dots,0
2835,three_quarters,0
2836,three_wise_kings,0
2837,throat,0
2838,through,0
2839,thumb,0
2840,thumbs,0
2841,thunder_storm,0
2842,tidy_up,0
2843,tie,0
2844,tie_2,0
2845,tiger,0
2846,tights,0
2847,time_out,0
2848,timer_2,0
2849,tin,0
2850,tin_can,0
2851,tin_foil,0
2852,tinned_apricots,0
2853,tinned_cherries,0
2854,tinned_mushroom_soup,0
2855,tinned_peaches,0
2856,tinned_pears,0
2857,tinned_peas,0
2858,tinned_pineapple,0
2859,tinned_plums,0
2860,tinned_sweetcorn,0
2861,tinned_tomato,0
2862,tinsel,0
2863,tippex,0
2864,tissues,0
2865,toad,0
2866,toast,0
2867,toaster,0
2868,today,0
2869,toe_nail,0
2870,toilet,0
2871,go_to_the_toilet,0
2872,toilet_roll,0
2873,toilets,0
2874,tomato,0
2875,tomato_juice,0
2876,tomato_slice,0
2877,tomb_1,0
2878,tomb_2,0
2879,tomorrow,0
2880,tongs,0
2881,tongue,0
2882,tooth,0
2883,toothache,0
2884,toothbrush,0
2885,toothbrush_electric,0
2886,toothpaste,0
2887,top,0
2888,top_2,0
2889,topsoil,0
2890,torch,0
2891,torch_2,0
2892,torch_3,0
2893,tortoise,0
2894,toss_pancake,0
2895,touch_screen,0
2896,toupee,0
2897,towel,0
2898,toy_box,0
2899,toy_car,0
2900,toy_soldier,0
2901,toys,0
2902,trachea,0
2903,tracksuit,0
2904,tractor,0
2905,traffic_lights,0
2906,train,0
2907,trainers,0
2908,trampoline,0
2909,trampoline,0
2910,transparent,0
2911,trap,0
2912,trapezium,0
2913,travel,0
2914,tray,0
2915,tree,0
2916,tree_ornament_chocolate,0
2917,tree_trunk,0
2918,triangle_acute,0
2919,triangle_equilateral,0
2920,triangle_isosceles,0
2921,triangle_obtuse,0
2922,triangle_right_angled,0
2923,triangle_scalene,0
2924,trick_or_treat,0
2925,tripod,0
2926,trousers,0
2927,trowel,0
2928,tshirt,0
2929,tulip,0
2930,tuna,0
2931,turkey,0
2932,turkey_2,0
2933,turn_down_heat,0
2934,turn_off_light_switch,0
2935,turn_on_light_switch,0
2936,turn_up_heat,0
2937,turnip,0
2938,turtle,0
2939,tv_drama,0
2940,twelve,0
2941,twenty,0
2942,twenty_five_percent,0
2943,two,0
2944,two_dots,0
2945,two_thirds,0
2946,u,0
2947,u_lower_case,0
2948,ugly,0
2949,umbrella,0
2950,unbuckle,0
2951,unbutton,0
2952,uncle_maternal,0
2953,uncle_paternal,0
2954,under_1,0
2955,underarm,0
2956,underarm_hair,0
2957,underground_sign,0
2958,underground_train,0
2959,undress,0
2960,untie,0
2961,up,0
2962,upper_arm,0
2963,uranus,0
2964,usb_stick,0
2965,use_computer,0
2966,v,0
2967,v_lower_case,0
2968,vacuum_cleaner_1,0
2969,vacuum_cleaner_2,0
2970,vacuum_cleaner_hand_held,0
2971,vagina,0
2972,van,0
2973,varnish,0
2974,vase,0
2975,vegetables,0
2976,venus,0
2977,vertical_blinds,0
2978,vest,0
2979,vice,0
2980,video_camera,0
2981,video_player,0
2982,video_tape,0
2983,vine,0
2984,vinegar,0
2985,visitor_1a,0
2986,visitor_1b,0
2987,visor,0
2988,visor_2,0
2989,volleyball,0
2990,vomit,0
2991,vulture,0
2992,w,0
2993,w_lower_case,0
2994,wafer,0
2995,wag_tail,0
2996,wag_tail_2,0
2997,waistcoat,0
2998,walk_dog,0
2999,walking_frame,0
3000,walking_stick,0
3001,walkman,0
3002,wall,0
3003,wallet,0
3004,walnut,0
3005,walrus,0
3006,wardrobe,0
3007,warm_clothes,0
3008,warm_fire,0
3009,warning_light,0
3010,wash_clothes,0
3011,wash_face,0
3012,wash_hands,0
3013,wash_up,0
3014,wash_vegetables,0
3015,washing_machine,0
3016,washing_powder,0
3017,washing_up_bowl,0
3018,washing_up_liquid,0
3019,wasp,0
3020,waste_paper_bin,0
3021,watch,0
3022,water,0
3023,water_bottle_hamster,0
3024,water_bowl,0
3025,water_pistol,0
3026,water_plants,0
3027,water_table,0
3028,watering_can,0
3029,watermelon,0
3030,waterproof,0
3031,wavy,0
3032,weak_link,0
3033,web_address,0
3034,webbed_foot,0
3035,webcam,0
3036,weeds,0
3037,week,0
3038,week_1,0
3039,weekend,0
3040,weigh,0
3041,wellington_boots,0
3042,west,0
3043,wet,0
3044,wet_1,0
3045,what,0
3046,wheelbarrow,0
3047,wheelchair,0
3048,wheelchair_and_switch_mount,0
3049,wheelchair_communication_aid,0
3050,wheelie_bin,0
3051,wheelie_bin_2,0
3052,wheelie_bin_3,0
3053,when,0
3054,where,0
3055,where_1,0
3056,which,0
3057,whisk,0
3058,whisk,0
3059,whiskers,0
3060,white,0
3061,whiteboard,0
3062,who,0
3063,whole,0
3064,why,0
3065,wife,0
3066,wig_1,0
3067,wig_2,0
3068,wii,0
3069,wii_fit,0
3070,window,0
3071,windpipe,0
3072,wine,0
3073,wing,0
3074,winner,0
3075,winter,0
3076,wipe_table,0
3077,wire_break,0
3078,wishbone,0
3079,witch,0
3080,witches_hat,0
3081,wolf,0
3082,wood,0
3083,wood_lathe,0
3084,wooden_spoon,0
3085,woodstain,0
3086,wool,0
3087,work,0
3088,work_book,0
3089,worksheet,0
3090,world,0
3091,worried_lady,0
3092,worried_man,0
3093,wrap,0
3094,wrapping_paper,0
3095,wrench,0
3096,wrinkled,0
3097,wrist,0
3098,wrong_thought,0
3099,x,0
3100,x_lower_case,0
3101,xray,0
3102,xylophone,0
3103,y,0
3104,y_lower_case,0
3105,yellow,0
3106,yesterday,0
3107,yogurt,0
3108,yorkshire_pudding,0
3109,young,0
3110,yoyo,0
3111,yucky,0
3112,yule_log,0
3113,yummy,0
3114,z,0
3115,z_lower_case,0
3116,zebra,0
3117,zebra_crossing,0
3118,zero,0
3119,zip,0
3120,arrest,0
3121,ask,0
3122,attract,0
3123,bend,0
3124,bend_2,0
3125,bite,0
3126,blink,0
3127,blow,0
3128,blow_kiss,0
3129,bounce,0
3130,bounce_ball,0
3131,box,0
3132,bring,0
3133,build,0
3134,burn_2,0
3135,call_out,0
3136,camp,0
3137,carry,0
3138,carry_books,0
3139,carve_meat,0
3140,carve_wood,0
3141,catch_1,0
3142,catch_2,0
3143,celebrate_1,0
3144,change,0
3145,change_clothes,0
3146,change_mind,0
3147,change_weather,0
3148,chase,0
3149,cheat,0
3150,chew,0
3151,choke,0
3152,chop_wood,0
3153,clap_hands,0
3154,climb_down,0
3155,climb_tree,0
3156,climb_up,0
3157,close,0
3158,close_door,0
3159,collect,0
3160,come,0
3161,communicate,0
3162,computer_folder,0
3163,copy,0
3164,count,0
3165,count_2,0
3166,crawl,0
3167,cross_fingers,0
3168,crouch,0
3169,crumple_paper,0
3170,cut,0
3171,cut_with_scissors,0
3172,dance,0
3173,dance_2,0
3174,dance_3,0
3175,daydream,0
3176,decorate,0
3177,deliver,0
3178,deliver_2,0
3179,dial,0
3180,die,0
3181,dig,0
3182,dig_2,0
3183,dive,0
3184,download,0
3185,draw,0
3186,dream,0
3187,drink_2,0
3188,drink_3,0
3189,drip,0
3190,drive,0
3191,drown,0
3192,eat,0
3193,eat_1,0
3194,eat_2,0
3195,escape,0
3196,fall_off,0
3197,fall_over,0
3198,fasten,0
3199,feed_someone,0
3200,feed_someone_2,0
3201,fight,0
3202,file_metal,0
3203,file_wood,0
3204,fill_2,0
3205,find,0
3206,flip_coin,0
3207,forward_wind,0
3208,fried_breakfast,0
3209,get,0
3210,get_off_bus,0
3211,get_on_bus,0
3212,get_out_of_chair,0
3213,get_up,0
3214,get_up_2,0
3215,give,0
3216,give_up_cake,0
3217,give_up_foods,0
3218,go,0
3219,go_in,0
3220,go_outside,0
3221,go_out_2,0
3222,grab,0
3223,grab_1,0
3224,grow,0
3225,grow_2,0
3226,grow_hair,0
3227,grow_hair_2,0
3228,guess,0
3229,hang,0
3230,hang_coat,0
3231,hatch,0
3232,help,0
3233,hike,0
3234,hike_2,0
3235,hit,0
3236,hit_something,0
3237,hold,0
3238,hold_hands,0
3239,hold_sledge_hammer,0
3240,hop,0
3241,hop_2,0
3242,hug,0
3243,hunt,0
3244,insert,0
3245,jog,0
3246,join,0
3247,join_2,0
3248,join_3,0
3249,jump,0
3250,jump_2,0
3251,keep,0
3252,kick_ball,0
3253,kick_person,0
3254,kick_swimming,0
3255,kill,0
3256,knit,0
3257,knock,0
3258,knock_down,0
3259,lie_on_back,0
3260,look,0
3261,make,0
3262,meet,0
3263,miss_bus,0
3264,move,0
3265,nod,0
3266,open,0
3267,open_2,0
3268,open_door,0
3269,open_door_1,0
3270,open_door_2,0
3271,order_1,0
3272,order_2,0
3273,pack_suitcase,0
3274,paint,0
3275,paint_1,0
3276,paint_2,0
3277,park,0
3278,pat_dog,0
3279,peel_orange,0
3280,pick,0
3281,pick_up,0
3282,plant,0
3283,play,0
3284,plough,0
3285,pluck,0
3286,post_letter,0
3287,pour,0
3288,pray_2,0
3289,press_button,0
3290,prop_up,0
3291,protect,0
3292,pull,0
3293,pull_2,0
3294,push,0
3295,push_2,0
3296,push_down,0
3297,put,0
3298,put_away,0
3299,put_in,0
3300,put_in_cassette_tape,0
3301,put_in_cd_dvd,0
3302,put_in_contact_lens,0
3303,put_on_helmet,0
3304,put_on_lid,0
3305,queue,0
3306,raise_feet,0
3307,raise_head,0
3308,rake_2,0
3309,reach_for,0
3310,read,0
3311,read_2,0
3312,read_3,0
3313,read_book,0
3314,receive,0
3315,relax,0
3316,relax_2,0
3317,remove,0
3318,rest,0
3319,return_1,0
3320,return_book,0
3321,rewind,0
3322,ride_car,0
3323,ring_bell,0
3324,ring_doorbell,0
3325,rinse,0
3326,rock_chair,0
3327,rollerskate,0
3328,roll_dice,0
3329,roll_over,0
3330,rub,0
3331,scrub,0
3332,seal_envelope,0
3333,separate,0
3334,serve_2,0
3335,set_table,0
3336,sew,0
3337,shake,0
3338,shake_hands,0
3339,shake_something,0
3340,share,0
3341,sharpen,0
3342,shoot,0
3343,shout,0
3344,show_me,0
3345,sign,0
3346,sing,0
3347,sink,0
3348,sink_2,0
3349,sit,0
3350,sit_2,0
3351,sit_in_beanbag,0
3352,sit_on_floor,0
3353,skate,0
3354,skid,0
3355,skip,0
3356,sleep_female,0
3357,sleep_male,0
3358,sleep_on_side,0
3359,slide,0
3360,slide_backwards,0
3361,slide_forwards,0
3362,smear,0
3363,smile,0
3364,sneak,0
3365,sort,0
3366,spell,0
3367,spill,0
3368,spin,0
3369,spray,0
3370,squeeze,0
3371,squirt,0
3372,stamp,0
3373,stand,0
3374,steal,0
3375,stir,0
3376,stretch,0
3377,stroke_2,0
3378,study,0
3379,swim_2,0
3380,take,0
3381,take_care_of,0
3382,take_off_lid,0
3383,take_out,0
3384,take_picture,0
3385,talk_1,0
3386,talk_2,0
3387,talk_3,0
3388,talk_4,0
3389,tear,0
3390,telephone_2,0
3391,telephone_mobile,0
3392,telephone_mobile_2,0
3393,think,0
3394,throw_away,0
3395,tickle,0
3396,tidy_2,0
3397,tie,0
3398,tighten,0
3399,touch,0
3400,trace,0
3401,transport_car,0
3402,trim,0
3403,trim_hedge,0
3404,turn,0
3405,turn_down_light,0
3406,turn_off,0
3407,turn_on,0
3408,turn_up_light,0
3409,type,0
3410,unbutton_2,0
3411,unlock,0
3412,verbs_collective,0
3413,visit,0
3414,vomit_2,0
3415,vote,0
3416,wait,0
3417,wait_table,0
3418,wake_up,0
3419,walk,0
3420,walk_downstairs,0
3421,walk_upstairs,0
3422,walk_up_to,0
3423,want,0
3424,watch,0
3425,wear_helmet,0
3426,weigh_food,0
3427,weigh_person,0
3428,whisper,0
3429,wiggle,0
3430,work_2,0
3431,wrestle,0
3432,write,0
3433,write_cheque,0
3434,write_letter,0
3435,yawn,0
3436,zoom,0
